[
  {
    "filename": "html-css-thumb.png",
    "originalName": "html-css-thumb.png",
    "relativePath": "courses/html-css-thumb.png",
    "url": "/assets/courses/html-css-thumb.png",
    "type": "image/png",
    "size": 4201,
    "category": "courses",
    "uploadedAt": "2025-11-08T08:37:38.546Z"
  },
  {
    "filename": "javascript-thumb.png",
    "originalName": "javascript-thumb.png",
    "relativePath": "courses/javascript-thumb.png",
    "url": "/assets/courses/javascript-thumb.png",
    "type": "image/png",
    "size": 5561,
    "category": "courses",
    "uploadedAt": "2025-11-08T08:37:39.302Z"
  },
  {
    "filename": "responsive-thumb.png",
    "originalName": "responsive-thumb.png",
    "relativePath": "courses/responsive-thumb.png",
    "url": "/assets/courses/responsive-thumb.png",
    "type": "image/png",
    "size": 4285,
    "category": "courses",
    "uploadedAt": "2025-11-08T08:37:39.697Z"
  },
  {
    "filename": "hero-bg-1.jpg",
    "originalName": "hero-bg-1.jpg",
    "relativePath": "images/hero-bg-1.jpg",
    "url": "/assets/images/hero-bg-1.jpg",
    "type": "image/jpeg",
    "size": 32390,
    "category": "images",
    "uploadedAt": "2025-11-08T08:45:30.605Z"
  },
  {
    "filename": "minus-icon.png",
    "originalName": "minus-icon.png",
    "relativePath": "images/minus-icon.png",
    "url": "/assets/images/minus-icon.png",
    "type": "image/png",
    "size": 232,
    "category": "images",
    "uploadedAt": "2025-11-08T08:45:31.475Z"
  },
  {
    "filename": "product-1.png",
    "originalName": "product-1.png",
    "relativePath": "images/product-1.png",
    "url": "/assets/images/product-1.png",
    "type": "image/png",
    "size": 4165,
    "category": "images",
    "uploadedAt": "2025-11-08T08:45:30.209Z"
  },
  {
    "filename": "avatar-1.png",
    "originalName": "avatar-1.png",
    "relativePath": "images/avatar-1.png",
    "url": "/assets/images/avatar-1.png",
    "type": "image/png",
    "size": 138346,
    "category": "general",
    "uploadedAt": "2025-11-11T16:39:04.804Z"
  },
  {
    "filename": "testimonial.jpg",
    "originalName": "testimonial.jpg",
    "relativePath": "images/testimonial.jpg",
    "url": "/assets/images/testimonial.jpg",
    "type": "image/jpeg",
    "size": 9115,
    "category": "general",
    "uploadedAt": "2025-12-11T19:56:49.483Z"
  },
  {
    "filename": "education_support.png",
    "originalName": "education_support.png",
    "relativePath": "images/education_support.png",
    "url": "/assets/images/education_support.png",
    "type": "image/png",
    "size": 4302,
    "category": "general",
    "uploadedAt": "2025-12-11T19:56:49.539Z"
  },
  {
    "filename": "food_support.jpg",
    "originalName": "food_support.jpg",
    "relativePath": "images/food_support.jpg",
    "url": "/assets/images/food_support.jpg",
    "type": "image/jpeg",
    "size": 11291,
    "category": "general",
    "uploadedAt": "2025-12-11T19:56:49.666Z"
  },
  {
    "filename": "mindset.jpg",
    "originalName": "mindset.jpg",
    "relativePath": "images/mindset.jpg",
    "url": "/assets/images/mindset.jpg",
    "type": "image/jpeg",
    "size": 10699,
    "category": "general",
    "uploadedAt": "2025-12-11T19:56:49.714Z"
  },
  {
    "filename": "renewable.jpg",
    "originalName": "renewable.jpg",
    "relativePath": "images/renewable.jpg",
    "url": "/assets/images/renewable.jpg",
    "type": "image/jpeg",
    "size": 8286,
    "category": "general",
    "uploadedAt": "2025-12-11T19:56:49.783Z"
  },
  {
    "filename": "summit.jpg",
    "originalName": "summit.jpg",
    "relativePath": "images/summit.jpg",
    "url": "/assets/images/summit.jpg",
    "type": "image/jpeg",
    "size": 16707,
    "category": "general",
    "uploadedAt": "2025-12-11T19:56:49.847Z"
  },
  {
    "filename": "tshirt.jpg",
    "originalName": "tshirt.jpg",
    "relativePath": "images/tshirt.jpg",
    "url": "/assets/images/tshirt.jpg",
    "type": "image/jpeg",
    "size": 6322,
    "category": "general",
    "uploadedAt": "2025-12-11T19:56:49.912Z"
  },
  {
    "filename": "denim.jpg",
    "originalName": "denim.jpg",
    "relativePath": "images/denim.jpg",
    "url": "/assets/images/denim.jpg",
    "type": "image/jpeg",
    "size": 11962,
    "category": "general",
    "uploadedAt": "2025-12-11T19:56:49.986Z"
  },
  {
    "filename": "smartwatch.jpg",
    "originalName": "smartwatch.jpg",
    "relativePath": "images/smartwatch.jpg",
    "url": "/assets/images/smartwatch.jpg",
    "type": "image/jpeg",
    "size": 8350,
    "category": "general",
    "uploadedAt": "2025-12-11T19:56:50.070Z"
  },
  {
    "filename": "phone.jpg",
    "originalName": "phone.jpg",
    "relativePath": "images/phone.jpg",
    "url": "/assets/images/phone.jpg",
    "type": "image/jpeg",
    "size": 7223,
    "category": "general",
    "uploadedAt": "2025-12-11T19:56:50.234Z"
  },
  {
    "filename": "colosseum.jpg",
    "originalName": "colosseum.jpg",
    "relativePath": "images/colosseum.jpg",
    "url": "/assets/images/colosseum.jpg",
    "type": "image/jpeg",
    "size": 9784,
    "category": "general",
    "uploadedAt": "2025-12-11T19:56:50.414Z"
  },
  {
    "filename": "tajmahal.jpg",
    "originalName": "tajmahal.jpg",
    "relativePath": "images/tajmahal.jpg",
    "url": "/assets/images/tajmahal.jpg",
    "type": "image/jpeg",
    "size": 8086,
    "category": "general",
    "uploadedAt": "2025-12-11T19:56:50.448Z"
  },
  {
    "filename": "bali.jpg",
    "originalName": "bali.jpg",
    "relativePath": "images/bali.jpg",
    "url": "/assets/images/bali.jpg",
    "type": "image/jpeg",
    "size": 9864,
    "category": "general",
    "uploadedAt": "2025-12-11T19:56:50.527Z"
  },
  {
    "filename": "maldives.jpg",
    "originalName": "maldives.jpg",
    "relativePath": "images/maldives.jpg",
    "url": "/assets/images/maldives.jpg",
    "type": "image/jpeg",
    "size": 6913,
    "category": "general",
    "uploadedAt": "2025-12-11T19:56:50.606Z"
  },
  {
    "filename": "poster_design.jpg",
    "originalName": "poster_design.jpg",
    "relativePath": "images/poster_design.jpg",
    "url": "/assets/images/poster_design.jpg",
    "type": "image/jpeg",
    "size": 8062,
    "category": "general",
    "uploadedAt": "2025-12-11T19:56:50.668Z"
  },
  {
    "filename": "logo_design.jpg",
    "originalName": "logo_design.jpg",
    "relativePath": "images/logo_design.jpg",
    "url": "/assets/images/logo_design.jpg",
    "type": "image/jpeg",
    "size": 9357,
    "category": "general",
    "uploadedAt": "2025-12-11T19:56:50.712Z"
  },
  {
    "filename": "ecommerce.jpg",
    "originalName": "ecommerce.jpg",
    "relativePath": "images/ecommerce.jpg",
    "url": "/assets/images/ecommerce.jpg",
    "type": "image/jpeg",
    "size": 12996,
    "category": "general",
    "uploadedAt": "2025-12-11T19:56:50.775Z"
  },
  {
    "filename": "web_project1.jpg",
    "originalName": "web_project1.jpg",
    "relativePath": "images/web_project1.jpg",
    "url": "/assets/images/web_project1.jpg",
    "type": "image/jpeg",
    "size": 10992,
    "category": "general",
    "uploadedAt": "2025-12-11T19:56:50.816Z"
  },
  {
    "filename": "cultural_fest.jpg",
    "originalName": "cultural_fest.jpg",
    "relativePath": "images/cultural_fest.jpg",
    "url": "/assets/images/cultural_fest.jpg",
    "type": "image/jpeg",
    "size": 9691,
    "category": "general",
    "uploadedAt": "2025-12-11T19:56:50.888Z"
  },
  {
    "filename": "cyber_security.jpg",
    "originalName": "cyber_security.jpg",
    "relativePath": "images/cyber_security.jpg",
    "url": "/assets/images/cyber_security.jpg",
    "type": "image/jpeg",
    "size": 15939,
    "category": "general",
    "uploadedAt": "2025-12-11T19:56:51.029Z"
  },
  {
    "filename": "ai_summit.jpg",
    "originalName": "ai_summit.jpg",
    "relativePath": "images/ai_summit.jpg",
    "url": "/assets/images/ai_summit.jpg",
    "type": "image/jpeg",
    "size": 12018,
    "category": "general",
    "uploadedAt": "2025-12-11T19:56:51.134Z"
  },
  {
    "filename": "album2.jpg",
    "originalName": "album2.jpg",
    "relativePath": "images/album2.jpg",
    "url": "/assets/images/album2.jpg",
    "type": "image/jpeg",
    "size": 19923,
    "category": "general",
    "uploadedAt": "2025-12-12T08:05:31.242Z"
  },
  {
    "filename": "album1.jpg",
    "originalName": "album1.jpg",
    "relativePath": "images/album1.jpg",
    "url": "/assets/images/album1.jpg",
    "type": "image/jpeg",
    "size": 59597,
    "category": "general",
    "uploadedAt": "2025-12-12T08:05:31.276Z"
  },
  {
    "filename": "trainer.jpg",
    "originalName": "trainer.jpg",
    "relativePath": "images/trainer.jpg",
    "url": "/assets/images/trainer.jpg",
    "type": "image/jpeg",
    "size": 34050,
    "category": "general",
    "uploadedAt": "2025-12-12T08:05:31.353Z"
  },
  {
    "filename": "player2.jpg",
    "originalName": "player2.jpg",
    "relativePath": "images/player2.jpg",
    "url": "/assets/images/player2.jpg",
    "type": "image/jpeg",
    "size": 474169,
    "category": "general",
    "uploadedAt": "2025-12-12T08:05:31.455Z"
  },
  {
    "filename": "player1.jpg",
    "originalName": "player1.jpg",
    "relativePath": "images/player1.jpg",
    "url": "/assets/images/player1.jpg",
    "type": "image/jpeg",
    "size": 107778,
    "category": "general",
    "uploadedAt": "2025-12-12T08:05:31.500Z"
  },
  {
    "filename": "game-feature2.jpg",
    "originalName": "game-feature2.jpg",
    "relativePath": "images/game-feature2.jpg",
    "url": "/assets/images/game-feature2.jpg",
    "type": "image/jpeg",
    "size": 68255,
    "category": "general",
    "uploadedAt": "2025-12-12T08:05:31.578Z"
  },
  {
    "filename": "game-feature1.jpg",
    "originalName": "game-feature1.jpg",
    "relativePath": "images/game-feature1.jpg",
    "url": "/assets/images/game-feature1.jpg",
    "type": "image/jpeg",
    "size": 74455,
    "category": "general",
    "uploadedAt": "2025-12-12T08:05:31.671Z"
  },
  {
    "filename": "rafting-tour.jpg",
    "originalName": "rafting-tour.jpg",
    "relativePath": "images/rafting-tour.jpg",
    "url": "/assets/images/rafting-tour.jpg",
    "type": "image/jpeg",
    "size": 68522,
    "category": "general",
    "uploadedAt": "2025-12-12T08:05:31.785Z"
  },
  {
    "filename": "camping-tour.jpg",
    "originalName": "camping-tour.jpg",
    "relativePath": "images/camping-tour.jpg",
    "url": "/assets/images/camping-tour.jpg",
    "type": "image/jpeg",
    "size": 71473,
    "category": "general",
    "uploadedAt": "2025-12-12T08:05:31.899Z"
  },
  {
    "filename": "hiking-tour.jpg",
    "originalName": "hiking-tour.jpg",
    "relativePath": "images/hiking-tour.jpg",
    "url": "/assets/images/hiking-tour.jpg",
    "type": "image/jpeg",
    "size": 28903,
    "category": "general",
    "uploadedAt": "2025-12-12T08:05:31.944Z"
  },
  {
    "filename": "vr-space.jpg",
    "originalName": "vr-space.jpg",
    "relativePath": "images/vr-space.jpg",
    "url": "/assets/images/vr-space.jpg",
    "type": "image/jpeg",
    "size": 165291,
    "category": "general",
    "uploadedAt": "2025-12-12T08:05:32.045Z"
  },
  {
    "filename": "vr-underwater.jpg",
    "originalName": "vr-underwater.jpg",
    "relativePath": "images/vr-underwater.jpg",
    "url": "/assets/images/vr-underwater.jpg",
    "type": "image/jpeg",
    "size": 396104,
    "category": "general",
    "uploadedAt": "2025-12-12T08:05:32.135Z"
  },
  {
    "filename": "vr-mountain.jpg",
    "originalName": "vr-mountain.jpg",
    "relativePath": "images/vr-mountain.jpg",
    "url": "/assets/images/vr-mountain.jpg",
    "type": "image/jpeg",
    "size": 8182,
    "category": "general",
    "uploadedAt": "2025-12-12T08:05:32.173Z"
  },
  {
    "filename": "thankyou-card.jpg",
    "originalName": "thankyou-card.jpg",
    "relativePath": "images/thankyou-card.jpg",
    "url": "/assets/images/thankyou-card.jpg",
    "type": "image/jpeg",
    "size": 12839,
    "category": "general",
    "uploadedAt": "2025-12-12T08:05:32.269Z"
  },
  {
    "filename": "anniversary-card.jpg",
    "originalName": "anniversary-card.jpg",
    "relativePath": "images/anniversary-card.jpg",
    "url": "/assets/images/anniversary-card.jpg",
    "type": "image/jpeg",
    "size": 17196,
    "category": "general",
    "uploadedAt": "2025-12-12T08:05:32.373Z"
  },
  {
    "filename": "birthday-card.jpg",
    "originalName": "birthday-card.jpg",
    "relativePath": "images/birthday-card.jpg",
    "url": "/assets/images/birthday-card.jpg",
    "type": "image/jpeg",
    "size": 25262,
    "category": "general",
    "uploadedAt": "2025-12-12T08:05:32.440Z"
  },
  {
    "filename": "deadline-calendar.jpg",
    "originalName": "deadline-calendar.jpg",
    "relativePath": "images/deadline-calendar.jpg",
    "url": "/assets/images/deadline-calendar.jpg",
    "type": "image/jpeg",
    "size": 10415,
    "category": "general",
    "uploadedAt": "2025-12-12T08:05:32.482Z"
  },
  {
    "filename": "campus-requirements.jpg",
    "originalName": "campus-requirements.jpg",
    "relativePath": "images/campus-requirements.jpg",
    "url": "/assets/images/campus-requirements.jpg",
    "type": "image/jpeg",
    "size": 144912,
    "category": "general",
    "uploadedAt": "2025-12-12T08:05:32.597Z"
  },
  {
    "filename": "application-form.jpg",
    "originalName": "application-form.jpg",
    "relativePath": "images/application-form.jpg",
    "url": "/assets/images/application-form.jpg",
    "type": "image/jpeg",
    "size": 15776,
    "category": "general",
    "uploadedAt": "2025-12-12T08:05:32.676Z"
  },
  {
    "filename": "jewelry2.jpg",
    "originalName": "jewelry2.jpg",
    "relativePath": "images/jewelry2.jpg",
    "url": "/assets/images/jewelry2.jpg",
    "type": "image/jpeg",
    "size": 26714,
    "category": "general",
    "uploadedAt": "2025-12-12T08:05:32.725Z"
  },
  {
    "filename": "jewelry1.jpg",
    "originalName": "jewelry1.jpg",
    "relativePath": "images/jewelry1.jpg",
    "url": "/assets/images/jewelry1.jpg",
    "type": "image/jpeg",
    "size": 42296,
    "category": "general",
    "uploadedAt": "2025-12-12T08:05:32.799Z"
  },
  {
    "filename": "collectible2.jpg",
    "originalName": "collectible2.jpg",
    "relativePath": "images/collectible2.jpg",
    "url": "/assets/images/collectible2.jpg",
    "type": "image/jpeg",
    "size": 36477,
    "category": "general",
    "uploadedAt": "2025-12-12T08:05:32.890Z"
  },
  {
    "filename": "collectible1.jpg",
    "originalName": "collectible1.jpg",
    "relativePath": "images/collectible1.jpg",
    "url": "/assets/images/collectible1.jpg",
    "type": "image/jpeg",
    "size": 59360,
    "category": "general",
    "uploadedAt": "2025-12-12T08:05:33.022Z"
  },
  {
    "filename": "partial-planning.jpg",
    "originalName": "partial-planning.jpg",
    "relativePath": "images/partial-planning.jpg",
    "url": "/assets/images/partial-planning.jpg",
    "type": "image/jpeg",
    "size": 22440,
    "category": "general",
    "uploadedAt": "2025-12-12T08:05:33.105Z"
  },
  {
    "filename": "full-planning.jpg",
    "originalName": "full-planning.jpg",
    "relativePath": "images/full-planning.jpg",
    "url": "/assets/images/full-planning.jpg",
    "type": "image/jpeg",
    "size": 333928,
    "category": "general",
    "uploadedAt": "2025-12-12T08:05:33.224Z"
  },
  {
    "filename": "web2.jpg",
    "originalName": "web2.jpg",
    "relativePath": "images/web2.jpg",
    "url": "/assets/images/web2.jpg",
    "type": "image/jpeg",
    "size": 15200,
    "category": "general",
    "uploadedAt": "2025-12-12T08:05:33.274Z"
  },
  {
    "filename": "web1.jpg",
    "originalName": "web1.jpg",
    "relativePath": "images/web1.jpg",
    "url": "/assets/images/web1.jpg",
    "type": "image/jpeg",
    "size": 18652,
    "category": "general",
    "uploadedAt": "2025-12-12T08:05:33.378Z"
  },
  {
    "filename": "logo2.jpg",
    "originalName": "logo2.jpg",
    "relativePath": "images/logo2.jpg",
    "url": "/assets/images/logo2.jpg",
    "type": "image/jpeg",
    "size": 6045,
    "category": "general",
    "uploadedAt": "2025-12-12T08:05:33.470Z"
  },
  {
    "filename": "logo1.jpg",
    "originalName": "logo1.jpg",
    "relativePath": "images/logo1.jpg",
    "url": "/assets/images/logo1.jpg",
    "type": "image/jpeg",
    "size": 4538,
    "category": "general",
    "uploadedAt": "2025-12-12T08:05:33.553Z"
  },
  {
    "filename": "book-box.jpg",
    "originalName": "book-box.jpg",
    "relativePath": "images/book-box.jpg",
    "url": "/assets/images/book-box.jpg",
    "type": "image/jpeg",
    "size": 25503,
    "category": "general",
    "uploadedAt": "2025-12-12T08:05:33.621Z"
  },
  {
    "filename": "snack-box.jpg",
    "originalName": "snack-box.jpg",
    "relativePath": "images/snack-box.jpg",
    "url": "/assets/images/snack-box.jpg",
    "type": "image/jpeg",
    "size": 499448,
    "category": "general",
    "uploadedAt": "2025-12-12T08:05:33.770Z"
  },
  {
    "filename": "beauty-box.jpg",
    "originalName": "beauty-box.jpg",
    "relativePath": "images/beauty-box.jpg",
    "url": "/assets/images/beauty-box.jpg",
    "type": "image/jpeg",
    "size": 32889,
    "category": "general",
    "uploadedAt": "2025-12-12T08:05:33.885Z"
  },
  {
    "filename": "nail-care.jpg",
    "originalName": "nail-care.jpg",
    "relativePath": "images/nail-care.jpg",
    "url": "/assets/images/nail-care.jpg",
    "type": "image/jpeg",
    "size": 26917,
    "category": "general",
    "uploadedAt": "2025-12-12T08:05:34.009Z"
  },
  {
    "filename": "facial.jpg",
    "originalName": "facial.jpg",
    "relativePath": "images/facial.jpg",
    "url": "/assets/images/facial.jpg",
    "type": "image/jpeg",
    "size": 20958,
    "category": "general",
    "uploadedAt": "2025-12-12T08:05:34.083Z"
  },
  {
    "filename": "haircut.jpg",
    "originalName": "haircut.jpg",
    "relativePath": "images/haircut.jpg",
    "url": "/assets/images/haircut.jpg",
    "type": "image/jpeg",
    "size": 5248,
    "category": "general",
    "uploadedAt": "2025-12-12T08:05:34.125Z"
  },
  {
    "filename": "case-study2.jpg",
    "originalName": "case-study2.jpg",
    "relativePath": "images/case-study2.jpg",
    "url": "/assets/images/case-study2.jpg",
    "type": "image/jpeg",
    "size": 20910,
    "category": "general",
    "uploadedAt": "2025-12-12T08:05:34.232Z"
  },
  {
    "filename": "case-study1.jpg",
    "originalName": "case-study1.jpg",
    "relativePath": "images/case-study1.jpg",
    "url": "/assets/images/case-study1.jpg",
    "type": "image/jpeg",
    "size": 21626,
    "category": "general",
    "uploadedAt": "2025-12-12T08:05:34.353Z"
  },
  {
    "filename": "market-research.jpg",
    "originalName": "market-research.jpg",
    "relativePath": "images/market-research.jpg",
    "url": "/assets/images/market-research.jpg",
    "type": "image/jpeg",
    "size": 43068,
    "category": "general",
    "uploadedAt": "2025-12-12T08:05:34.544Z"
  },
  {
    "filename": "strategy-team.jpg",
    "originalName": "strategy-team.jpg",
    "relativePath": "images/strategy-team.jpg",
    "url": "/assets/images/strategy-team.jpg",
    "type": "image/jpeg",
    "size": 19825,
    "category": "general",
    "uploadedAt": "2025-12-12T08:05:34.613Z"
  },
  {
    "filename": "rabbit1.jpg",
    "originalName": "rabbit1.jpg",
    "relativePath": "images/rabbit1.jpg",
    "url": "/assets/images/rabbit1.jpg",
    "type": "image/jpeg",
    "size": 727757,
    "category": "general",
    "uploadedAt": "2025-12-12T08:05:34.884Z"
  },
  {
    "filename": "cat2.jpg",
    "originalName": "cat2.jpg",
    "relativePath": "images/cat2.jpg",
    "url": "/assets/images/cat2.jpg",
    "type": "image/jpeg",
    "size": 6546,
    "category": "general",
    "uploadedAt": "2025-12-12T08:05:34.948Z"
  },
  {
    "filename": "cat1.jpg",
    "originalName": "cat1.jpg",
    "relativePath": "images/cat1.jpg",
    "url": "/assets/images/cat1.jpg",
    "type": "image/jpeg",
    "size": 10299,
    "category": "general",
    "uploadedAt": "2025-12-12T08:05:34.997Z"
  },
  {
    "filename": "dog2.jpg",
    "originalName": "dog2.jpg",
    "relativePath": "images/dog2.jpg",
    "url": "/assets/images/dog2.jpg",
    "type": "image/jpeg",
    "size": 7641,
    "category": "general",
    "uploadedAt": "2025-12-12T08:05:35.089Z"
  },
  {
    "filename": "dog1.jpg",
    "originalName": "dog1.jpg",
    "relativePath": "images/dog1.jpg",
    "url": "/assets/images/dog1.jpg",
    "type": "image/jpeg",
    "size": 5673,
    "category": "general",
    "uploadedAt": "2025-12-12T08:05:35.183Z"
  },
  {
    "filename": "pasta-final.jpg",
    "originalName": "pasta-final.jpg",
    "relativePath": "images/pasta-final.jpg",
    "url": "/assets/images/pasta-final.jpg",
    "type": "image/jpeg",
    "size": 25029,
    "category": "general",
    "uploadedAt": "2025-12-12T08:05:35.305Z"
  },
  {
    "filename": "ingredients.jpg",
    "originalName": "ingredients.jpg",
    "relativePath": "images/ingredients.jpg",
    "url": "/assets/images/ingredients.jpg",
    "type": "image/jpeg",
    "size": 18169,
    "category": "general",
    "uploadedAt": "2025-12-12T08:05:35.375Z"
  },
  {
    "filename": "forest.jpg",
    "originalName": "forest.jpg",
    "relativePath": "images/forest.jpg",
    "url": "/assets/images/forest.jpg",
    "type": "image/jpeg",
    "size": 43478,
    "category": "general",
    "uploadedAt": "2025-12-12T08:05:35.426Z"
  },
  {
    "filename": "mountain.jpg",
    "originalName": "mountain.jpg",
    "relativePath": "images/mountain.jpg",
    "url": "/assets/images/mountain.jpg",
    "type": "image/jpeg",
    "size": 39716,
    "category": "general",
    "uploadedAt": "2025-12-12T08:05:35.522Z"
  },
  {
    "filename": "hawaii.jpg",
    "originalName": "hawaii.jpg",
    "relativePath": "images/hawaii.jpg",
    "url": "/assets/images/hawaii.jpg",
    "type": "image/jpeg",
    "size": 48354,
    "category": "general",
    "uploadedAt": "2025-12-12T08:05:35.636Z"
  },
  {
    "filename": "beach.jpg",
    "originalName": "beach.jpg",
    "relativePath": "images/beach.jpg",
    "url": "/assets/images/beach.jpg",
    "type": "image/jpeg",
    "size": 44474,
    "category": "general",
    "uploadedAt": "2025-12-12T08:05:35.791Z"
  },
  {
    "filename": "wedding2.jpg",
    "originalName": "wedding2.jpg",
    "relativePath": "images/wedding2.jpg",
    "url": "/assets/images/wedding2.jpg",
    "type": "image/jpeg",
    "size": 39193,
    "category": "general",
    "uploadedAt": "2025-12-12T08:05:35.853Z"
  },
  {
    "filename": "wedding1.jpg",
    "originalName": "wedding1.jpg",
    "relativePath": "images/wedding1.jpg",
    "url": "/assets/images/wedding1.jpg",
    "type": "image/jpeg",
    "size": 27486,
    "category": "general",
    "uploadedAt": "2025-12-12T08:05:35.967Z"
  },
  {
    "filename": "landscape2.jpg",
    "originalName": "landscape2.jpg",
    "relativePath": "images/landscape2.jpg",
    "url": "/assets/images/landscape2.jpg",
    "type": "image/jpeg",
    "size": 30445,
    "category": "general",
    "uploadedAt": "2025-12-12T08:05:36.027Z"
  },
  {
    "filename": "landscape1.jpg",
    "originalName": "landscape1.jpg",
    "relativePath": "images/landscape1.jpg",
    "url": "/assets/images/landscape1.jpg",
    "type": "image/jpeg",
    "size": 23390,
    "category": "general",
    "uploadedAt": "2025-12-12T08:05:36.126Z"
  },
  {
    "filename": "portrait2.jpg",
    "originalName": "portrait2.jpg",
    "relativePath": "images/portrait2.jpg",
    "url": "/assets/images/portrait2.jpg",
    "type": "image/jpeg",
    "size": 30186,
    "category": "general",
    "uploadedAt": "2025-12-12T08:05:36.186Z"
  },
  {
    "filename": "portrait1.jpg",
    "originalName": "portrait1.jpg",
    "relativePath": "images/portrait1.jpg",
    "url": "/assets/images/portrait1.jpg",
    "type": "image/jpeg",
    "size": 17708,
    "category": "general",
    "uploadedAt": "2025-12-12T08:05:36.241Z"
  },
  {
    "filename": "kids-shirt2.jpg",
    "originalName": "kids-shirt2.jpg",
    "relativePath": "images/kids-shirt2.jpg",
    "url": "/assets/images/kids-shirt2.jpg",
    "type": "image/jpeg",
    "size": 78171,
    "category": "general",
    "uploadedAt": "2025-12-12T08:05:36.316Z"
  },
  {
    "filename": "kids-shirt1.jpg",
    "originalName": "kids-shirt1.jpg",
    "relativePath": "images/kids-shirt1.jpg",
    "url": "/assets/images/kids-shirt1.jpg",
    "type": "image/jpeg",
    "size": 45960,
    "category": "general",
    "uploadedAt": "2025-12-12T08:05:36.422Z"
  },
  {
    "filename": "womens-shirt2.jpg",
    "originalName": "womens-shirt2.jpg",
    "relativePath": "images/womens-shirt2.jpg",
    "url": "/assets/images/womens-shirt2.jpg",
    "type": "image/jpeg",
    "size": 36924,
    "category": "general",
    "uploadedAt": "2025-12-12T08:05:36.530Z"
  },
  {
    "filename": "womens-shirt1.jpg",
    "originalName": "womens-shirt1.jpg",
    "relativePath": "images/womens-shirt1.jpg",
    "url": "/assets/images/womens-shirt1.jpg",
    "type": "image/jpeg",
    "size": 42877,
    "category": "general",
    "uploadedAt": "2025-12-12T08:05:36.642Z"
  },
  {
    "filename": "art3.jpg",
    "originalName": "art3.jpg",
    "relativePath": "images/art3.jpg",
    "url": "/assets/images/art3.jpg",
    "type": "image/jpeg",
    "size": 13274,
    "category": "general",
    "uploadedAt": "2025-12-12T08:05:37.000Z"
  },
  {
    "filename": "art2.jpg",
    "originalName": "art2.jpg",
    "relativePath": "images/art2.jpg",
    "url": "/assets/images/art2.jpg",
    "type": "image/jpeg",
    "size": 32084,
    "category": "general",
    "uploadedAt": "2025-12-12T08:05:37.085Z"
  },
  {
    "filename": "project-screenshot.jpg",
    "originalName": "project-screenshot.jpg",
    "relativePath": "images/project-screenshot.jpg",
    "url": "/assets/images/project-screenshot.jpg",
    "type": "image/jpeg",
    "size": 98275,
    "category": "general",
    "uploadedAt": "2025-12-12T08:15:00.799Z"
  },
  {
    "filename": "editor-screenshot.jpg",
    "originalName": "editor-screenshot.jpg",
    "relativePath": "images/editor-screenshot.jpg",
    "url": "/assets/images/editor-screenshot.jpg",
    "type": "image/jpeg",
    "size": 32332,
    "category": "general",
    "uploadedAt": "2025-12-12T08:14:59.770Z"
  },
  {
    "filename": "template-preview.jpg",
    "originalName": "template-preview.jpg",
    "relativePath": "images/template-preview.jpg",
    "url": "/assets/images/template-preview.jpg",
    "type": "image/jpeg",
    "size": 78105,
    "category": "general",
    "uploadedAt": "2025-12-12T08:14:59.834Z"
  },
  {
    "filename": "software-box.jpg",
    "originalName": "software-box.jpg",
    "relativePath": "images/software-box.jpg",
    "url": "/assets/images/software-box.jpg",
    "type": "image/jpeg",
    "size": 41518,
    "category": "general",
    "uploadedAt": "2025-12-12T08:14:59.880Z"
  },
  {
    "filename": "ebook-cover.jpg",
    "originalName": "ebook-cover.jpg",
    "relativePath": "images/ebook-cover.jpg",
    "url": "/assets/images/ebook-cover.jpg",
    "type": "image/jpeg",
    "size": 454914,
    "category": "general",
    "uploadedAt": "2025-12-12T08:15:00.012Z"
  },
  {
    "filename": "sculpture-modern.jpg",
    "originalName": "sculpture-modern.jpg",
    "relativePath": "images/sculpture-modern.jpg",
    "url": "/assets/images/sculpture-modern.jpg",
    "type": "image/jpeg",
    "size": 29156,
    "category": "general",
    "uploadedAt": "2025-12-12T08:15:03.948Z"
  },
  {
    "filename": "modern-painting.jpg",
    "originalName": "modern-painting.jpg",
    "relativePath": "images/modern-painting.jpg",
    "url": "/assets/images/modern-painting.jpg",
    "type": "image/jpeg",
    "size": 26684,
    "category": "general",
    "uploadedAt": "2025-12-12T08:15:04.002Z"
  },
  {
    "filename": "ancient-weapon.jpg",
    "originalName": "ancient-weapon.jpg",
    "relativePath": "images/ancient-weapon.jpg",
    "url": "/assets/images/ancient-weapon.jpg",
    "type": "image/jpeg",
    "size": 25965,
    "category": "general",
    "uploadedAt": "2025-12-12T08:15:04.061Z"
  },
  {
    "filename": "ancient-artifact.jpg",
    "originalName": "ancient-artifact.jpg",
    "relativePath": "images/ancient-artifact.jpg",
    "url": "/assets/images/ancient-artifact.jpg",
    "type": "image/jpeg",
    "size": 28322,
    "category": "general",
    "uploadedAt": "2025-12-12T08:15:04.123Z"
  },
  {
    "filename": "yoga-icon.png",
    "originalName": "yoga-icon.png",
    "relativePath": "images/yoga-icon.png",
    "url": "/assets/images/yoga-icon.png",
    "type": "image/png",
    "size": 4000,
    "category": "general",
    "uploadedAt": "2025-12-12T08:15:04.198Z"
  },
  {
    "filename": "cycling-icon.png",
    "originalName": "cycling-icon.png",
    "relativePath": "images/cycling-icon.png",
    "url": "/assets/images/cycling-icon.png",
    "type": "image/png",
    "size": 3274,
    "category": "general",
    "uploadedAt": "2025-12-12T08:15:04.274Z"
  },
  {
    "filename": "running-icon.png",
    "originalName": "running-icon.png",
    "relativePath": "images/running-icon.png",
    "url": "/assets/images/running-icon.png",
    "type": "image/png",
    "size": 2217,
    "category": "general",
    "uploadedAt": "2025-12-12T08:15:04.346Z"
  },
  {
    "filename": "goal-progress.png",
    "originalName": "goal-progress.png",
    "relativePath": "images/goal-progress.png",
    "url": "/assets/images/goal-progress.png",
    "type": "image/png",
    "size": 26929,
    "category": "general",
    "uploadedAt": "2025-12-12T08:15:04.422Z"
  },
  {
    "filename": "weekly-progress.png",
    "originalName": "weekly-progress.png",
    "relativePath": "images/weekly-progress.png",
    "url": "/assets/images/weekly-progress.png",
    "type": "image/png",
    "size": 11688,
    "category": "general",
    "uploadedAt": "2025-12-12T08:15:04.515Z"
  },
  {
    "filename": "children-book.jpg",
    "originalName": "children-book.jpg",
    "relativePath": "images/children-book.jpg",
    "url": "/assets/images/children-book.jpg",
    "type": "image/jpeg",
    "size": 20550,
    "category": "general",
    "uploadedAt": "2025-12-12T08:15:04.581Z"
  },
  {
    "filename": "nonfiction-book.jpg",
    "originalName": "nonfiction-book.jpg",
    "relativePath": "images/nonfiction-book.jpg",
    "url": "/assets/images/nonfiction-book.jpg",
    "type": "image/jpeg",
    "size": 8287,
    "category": "general",
    "uploadedAt": "2025-12-12T08:15:04.666Z"
  },
  {
    "filename": "fiction-book.jpg",
    "originalName": "fiction-book.jpg",
    "relativePath": "images/fiction-book.jpg",
    "url": "/assets/images/fiction-book.jpg",
    "type": "image/jpeg",
    "size": 34602,
    "category": "general",
    "uploadedAt": "2025-12-12T08:15:04.751Z"
  },
  {
    "filename": "bathroom1.jpg",
    "originalName": "bathroom1.jpg",
    "relativePath": "images/bathroom1.jpg",
    "url": "/assets/images/bathroom1.jpg",
    "type": "image/jpeg",
    "size": 42814,
    "category": "general",
    "uploadedAt": "2025-12-12T08:15:04.812Z"
  },
  {
    "filename": "kitchen1.jpg",
    "originalName": "kitchen1.jpg",
    "relativePath": "images/kitchen1.jpg",
    "url": "/assets/images/kitchen1.jpg",
    "type": "image/jpeg",
    "size": 37882,
    "category": "general",
    "uploadedAt": "2025-12-12T08:15:04.869Z"
  },
  {
    "filename": "product2.jpg",
    "originalName": "product2.jpg",
    "relativePath": "images/product2.jpg",
    "url": "/assets/images/product2.jpg",
    "type": "image/jpeg",
    "size": 32731,
    "category": "general",
    "uploadedAt": "2025-12-12T08:15:24.479Z"
  },
  {
    "filename": "product1.jpg",
    "originalName": "product1.jpg",
    "relativePath": "images/product1.jpg",
    "url": "/assets/images/product1.jpg",
    "type": "image/jpeg",
    "size": 13434,
    "category": "general",
    "uploadedAt": "2025-12-12T08:15:24.550Z"
  },
  {
    "filename": "environment_volunteers.jpg",
    "originalName": "environment_volunteers.jpg",
    "relativePath": "images/environment_volunteers.jpg",
    "url": "/assets/images/environment_volunteers.jpg",
    "type": "image/jpeg",
    "size": 31772,
    "category": "general",
    "uploadedAt": "2025-12-12T08:15:24.606Z"
  },
  {
    "filename": "health_volunteers.jpg",
    "originalName": "health_volunteers.jpg",
    "relativePath": "images/health_volunteers.jpg",
    "url": "/assets/images/health_volunteers.jpg",
    "type": "image/jpeg",
    "size": 28554,
    "category": "general",
    "uploadedAt": "2025-12-12T08:15:24.669Z"
  },
  {
    "filename": "education_volunteers.jpg",
    "originalName": "education_volunteers.jpg",
    "relativePath": "images/education_volunteers.jpg",
    "url": "/assets/images/education_volunteers.jpg",
    "type": "image/jpeg",
    "size": 42568,
    "category": "general",
    "uploadedAt": "2025-12-12T08:15:24.744Z"
  },
  {
    "filename": "paid_ads.jpg",
    "originalName": "paid_ads.jpg",
    "relativePath": "images/paid_ads.jpg",
    "url": "/assets/images/paid_ads.jpg",
    "type": "image/jpeg",
    "size": 6263,
    "category": "general",
    "uploadedAt": "2025-12-12T08:15:24.819Z"
  },
  {
    "filename": "social_media.jpg",
    "originalName": "social_media.jpg",
    "relativePath": "images/social_media.jpg",
    "url": "/assets/images/social_media.jpg",
    "type": "image/jpeg",
    "size": 39001,
    "category": "general",
    "uploadedAt": "2025-12-12T08:15:24.907Z"
  },
  {
    "filename": "seo.jpg",
    "originalName": "seo.jpg",
    "relativePath": "images/seo.jpg",
    "url": "/assets/images/seo.jpg",
    "type": "image/jpeg",
    "size": 17548,
    "category": "general",
    "uploadedAt": "2025-12-12T08:15:25.006Z"
  },
  {
    "filename": "customer3.jpg",
    "originalName": "customer3.jpg",
    "relativePath": "images/customer3.jpg",
    "url": "/assets/images/customer3.jpg",
    "type": "image/jpeg",
    "size": 11507,
    "category": "general",
    "uploadedAt": "2025-12-12T08:15:25.077Z"
  },
  {
    "filename": "customer2.jpg",
    "originalName": "customer2.jpg",
    "relativePath": "images/customer2.jpg",
    "url": "/assets/images/customer2.jpg",
    "type": "image/jpeg",
    "size": 13199,
    "category": "general",
    "uploadedAt": "2025-12-12T08:15:25.152Z"
  },
  {
    "filename": "customer1.jpg",
    "originalName": "customer1.jpg",
    "relativePath": "images/customer1.jpg",
    "url": "/assets/images/customer1.jpg",
    "type": "image/jpeg",
    "size": 54689,
    "category": "general",
    "uploadedAt": "2025-12-12T08:15:25.230Z"
  },
  {
    "filename": "emergency_repair.jpg",
    "originalName": "emergency_repair.jpg",
    "relativePath": "images/emergency_repair.jpg",
    "url": "/assets/images/emergency_repair.jpg",
    "type": "image/jpeg",
    "size": 29144,
    "category": "general",
    "uploadedAt": "2025-12-12T08:15:25.320Z"
  },
  {
    "filename": "office_cleaning.jpg",
    "originalName": "office_cleaning.jpg",
    "relativePath": "images/office_cleaning.jpg",
    "url": "/assets/images/office_cleaning.jpg",
    "type": "image/jpeg",
    "size": 29732,
    "category": "general",
    "uploadedAt": "2025-12-12T08:15:25.403Z"
  },
  {
    "filename": "appliance_service.jpg",
    "originalName": "appliance_service.jpg",
    "relativePath": "images/appliance_service.jpg",
    "url": "/assets/images/appliance_service.jpg",
    "type": "image/jpeg",
    "size": 21348,
    "category": "general",
    "uploadedAt": "2025-12-12T08:15:25.477Z"
  },
  {
    "filename": "house_cleaning.jpg",
    "originalName": "house_cleaning.jpg",
    "relativePath": "images/house_cleaning.jpg",
    "url": "/assets/images/house_cleaning.jpg",
    "type": "image/jpeg",
    "size": 12983,
    "category": "general",
    "uploadedAt": "2025-12-12T08:15:25.539Z"
  },
  {
    "filename": "health_support.jpg",
    "originalName": "health_support.jpg",
    "relativePath": "images/health_support.jpg",
    "url": "/assets/images/health_support.jpg",
    "type": "image/jpeg",
    "size": 43062,
    "category": "general",
    "uploadedAt": "2025-12-12T08:15:25.610Z"
  },
  {
    "filename": "education_help.jpg",
    "originalName": "education_help.jpg",
    "relativePath": "images/education_help.jpg",
    "url": "/assets/images/education_help.jpg",
    "type": "image/jpeg",
    "size": 20374,
    "category": "general",
    "uploadedAt": "2025-12-12T08:15:25.700Z"
  },
  {
    "filename": "doctor_team.jpg",
    "originalName": "doctor_team.jpg",
    "relativePath": "images/doctor_team.jpg",
    "url": "/assets/images/doctor_team.jpg",
    "type": "image/jpeg",
    "size": 35467,
    "category": "general",
    "uploadedAt": "2025-12-12T08:15:25.839Z"
  },
  {
    "filename": "clinic_building.jpg",
    "originalName": "clinic_building.jpg",
    "relativePath": "images/clinic_building.jpg",
    "url": "/assets/images/clinic_building.jpg",
    "type": "image/jpeg",
    "size": 69185,
    "category": "general",
    "uploadedAt": "2025-12-12T08:15:25.918Z"
  },
  {
    "filename": "profile.jpg",
    "originalName": "profile.jpg",
    "relativePath": "images/profile.jpg",
    "url": "/assets/images/profile.jpg",
    "type": "image/jpeg",
    "size": 15957,
    "category": "general",
    "uploadedAt": "2025-12-12T08:15:25.984Z"
  },
  {
    "filename": "couple.jpg",
    "originalName": "couple.jpg",
    "relativePath": "images/couple.jpg",
    "url": "/assets/images/couple.jpg",
    "type": "image/jpeg",
    "size": 45352,
    "category": "general",
    "uploadedAt": "2025-12-12T08:15:26.076Z"
  },
  {
    "filename": "instructor.jpg",
    "originalName": "instructor.jpg",
    "relativePath": "images/instructor.jpg",
    "url": "/assets/images/instructor.jpg",
    "type": "image/jpeg",
    "size": 20979,
    "category": "general",
    "uploadedAt": "2025-12-12T08:15:26.194Z"
  },
  {
    "filename": "healthcare.jpg",
    "originalName": "healthcare.jpg",
    "relativePath": "images/healthcare.jpg",
    "url": "/assets/images/healthcare.jpg",
    "type": "image/jpeg",
    "size": 19632,
    "category": "general",
    "uploadedAt": "2025-12-12T08:15:26.313Z"
  },
  {
    "filename": "education.jpg",
    "originalName": "education.jpg",
    "relativePath": "images/education.jpg",
    "url": "/assets/images/education.jpg",
    "type": "image/jpeg",
    "size": 27142,
    "category": "general",
    "uploadedAt": "2025-12-12T08:15:26.381Z"
  },
  {
    "filename": "phoneb.jpg",
    "originalName": "phoneB.jpg",
    "relativePath": "images/phoneb.jpg",
    "url": "/assets/images/phoneb.jpg",
    "type": "image/jpeg",
    "size": 8390,
    "category": "general",
    "uploadedAt": "2025-12-12T08:15:26.445Z"
  },
  {
    "filename": "phonea.jpg",
    "originalName": "phoneA.jpg",
    "relativePath": "images/phonea.jpg",
    "url": "/assets/images/phonea.jpg",
    "type": "image/jpeg",
    "size": 15579,
    "category": "general",
    "uploadedAt": "2025-12-12T08:15:26.540Z"
  },
  {
    "filename": "nature_art.jpg",
    "originalName": "nature_art.jpg",
    "relativePath": "images/nature_art.jpg",
    "url": "/assets/images/nature_art.jpg",
    "type": "image/jpeg",
    "size": 35690,
    "category": "general",
    "uploadedAt": "2025-12-12T08:15:26.663Z"
  },
  {
    "filename": "abstract_art.jpg",
    "originalName": "abstract_art.jpg",
    "relativePath": "images/abstract_art.jpg",
    "url": "/assets/images/abstract_art.jpg",
    "type": "image/jpeg",
    "size": 33306,
    "category": "general",
    "uploadedAt": "2025-12-12T08:15:26.774Z"
  },
  {
    "filename": "speaker2.jpg",
    "originalName": "speaker2.jpg",
    "relativePath": "images/speaker2.jpg",
    "url": "/assets/images/speaker2.jpg",
    "type": "image/jpeg",
    "size": 30890,
    "category": "general",
    "uploadedAt": "2025-12-12T08:15:26.845Z"
  },
  {
    "filename": "speaker1.jpg",
    "originalName": "speaker1.jpg",
    "relativePath": "images/speaker1.jpg",
    "url": "/assets/images/speaker1.jpg",
    "type": "image/jpeg",
    "size": 30648,
    "category": "general",
    "uploadedAt": "2025-12-12T08:15:26.928Z"
  },
  {
    "filename": "earbuds.jpg",
    "originalName": "earbuds.jpg",
    "relativePath": "images/earbuds.jpg",
    "url": "/assets/images/earbuds.jpg",
    "type": "image/jpeg",
    "size": 20554,
    "category": "general",
    "uploadedAt": "2025-12-12T08:15:26.978Z"
  },
  {
    "filename": "signature_dish.jpg",
    "originalName": "signature_dish.jpg",
    "relativePath": "images/signature_dish.jpg",
    "url": "/assets/images/signature_dish.jpg",
    "type": "image/jpeg",
    "size": 45643,
    "category": "general",
    "uploadedAt": "2025-12-12T08:15:27.094Z"
  },
  {
    "filename": "restaurant_view.jpg",
    "originalName": "restaurant_view.jpg",
    "relativePath": "images/restaurant_view.jpg",
    "url": "/assets/images/restaurant_view.jpg",
    "type": "image/jpeg",
    "size": 43047,
    "category": "general",
    "uploadedAt": "2025-12-12T08:15:27.264Z"
  },
  {
    "filename": "art1.jpg",
    "originalName": "art1.jpg",
    "relativePath": "images/art1.jpg",
    "url": "/assets/images/art1.jpg",
    "type": "image/jpeg",
    "size": 38043,
    "category": "general",
    "uploadedAt": "2025-12-12T08:16:47.567Z"
  },
  {
    "filename": "mens-shirt2.jpg",
    "originalName": "mens-shirt2.jpg",
    "relativePath": "images/mens-shirt2.jpg",
    "url": "/assets/images/mens-shirt2.jpg",
    "type": "image/jpeg",
    "size": 57319,
    "category": "general",
    "uploadedAt": "2025-12-12T08:18:06.969Z"
  },
  {
    "filename": "mens-shirt1.jpg",
    "originalName": "mens-shirt1.jpg",
    "relativePath": "images/mens-shirt1.jpg",
    "url": "/assets/images/mens-shirt1.jpg",
    "type": "image/jpeg",
    "size": 34644,
    "category": "general",
    "uploadedAt": "2025-12-12T08:18:07.137Z"
  }
]