[
  {
    "id": "course-html-css",
    "title": "HTML & CSS Mastery",
    "description": "Master the fundamentals of web development",
    "thumbnail": null,
    "icon": "🎨",
    "color": "#e34c26",
    "totalLevels": 10,
    "estimatedTime": "20 hours",
    "difficulty": "Beginner",
    "tags": [
      "HTML",
      "CSS"
    ],
    "isLocked": false,
    "createdAt": "2025-12-10T19:07:54.442Z",
    "levelSettings": {
      "1": {
        "randomizeCount": 2
      }
    },
    "restrictions": {
      "blockCopy": false,
      "blockPaste": false,
      "forceFullscreen": false,
      "maxViolations": 3,
      "timeLimit": 0
    }
  },
  {
    "id": "course-fullstack",
    "title": "Fullstack Development",
    "description": "Become a complete web developer",
    "thumbnail": null,
    "icon": "💻",
    "color": "#3B82F6",
    "totalLevels": 12,
    "estimatedTime": "40 hours",
    "difficulty": "Intermediate",
    "tags": [
      "Node.js",
      "React",
      "Database"
    ],
    "isLocked": false,
    "createdAt": "2025-12-10T19:07:54.442Z",
    "levelSettings": {
      "1": {
        "randomizeCount": 2
      },
      "2": {
        "randomizeCount": 2
      },
      "3": {
        "randomizeCount": 2
      },
      "4": {
        "randomizeCount": 2
      }
    },
    "restrictions": {
      "blockCopy": false,
      "blockPaste": false,
      "forceFullscreen": false,
      "maxViolations": 3,
      "timeLimit": 0
    }
  },
  {
    "totalLevels": 5,
    "estimatedTime": "10 hours",
    "difficulty": "Beginner",
    "tags": [],
    "id": "course-html",
    "title": "demo",
    "description": "demo html",
    "icon": "📚"
  }
]