[
  {
    "id": "6c86ac59-9313-4901-805e-56290fe2d172",
    "challengeId": "course-fullstack-l1-q8",
    "userId": "user-demo-student",
    "candidateName": "user-admin-1",
    "code": {
      "html": "<!DOCTYPE html>\r\n<html lang=\"en\">\r\n<head>\r\n    <meta charset=\"UTF-8\">\r\n    <meta name=\"viewport\" content=\"width=device-width, initial-scale=1.0\">\r\n    <meta name=\"description\" content=\"Personal fitness trainer profile showcasing services, testimonials and media\">\r\n    <title>Fitness Trainer Profile</title>\r\n\r\n    <style>\r\n        body {\r\n            font-family: Arial, sans-serif;\r\n            margin: 0;\r\n            padding: 12px;\r\n            line-height: 1.6;\r\n        }\r\n        header, footer {\r\n            background: #333;\r\n            color: white;\r\n            padding: 16px;\r\n            text-align: center;\r\n        }\r\n        section {\r\n            margin: 25px 0;\r\n        }\r\n        article {\r\n            border: 1px solid #ccc;\r\n            padding: 12px;\r\n            margin-bottom: 15px;\r\n        }\r\n        figure {\r\n            margin: 0;\r\n            text-align: center;\r\n        }\r\n        figcaption {\r\n            font-size: 14px;\r\n            color: #444;\r\n        }\r\n        video {\r\n            width: 100%;\r\n            margin-top: 10px;\r\n        }\r\n    </style>\r\n</head>\r\n<body>\r\n\r\n<header>\r\n    <h1>John Smith - Certified Fitness Trainer</h1>\r\n    <p>Transforming Lives Through Fitness</p>\r\n</header>\r\n\r\n<section>\r\n    <h2>About Me</h2>\r\n    <article>\r\n        <figure>\r\n            <img src=\"trainer.jpg\" alt=\"Profile image of fitness trainer John Smith\" width=\"100%\">\r\n            <figcaption>John Smith - Strength & Wellness Coach</figcaption>\r\n        </figure>\r\n        <p>I am a certified fitness trainer with over 10 years of experience specializing in strength training, weight loss, and athletic conditioning.</p>\r\n    </article>\r\n</section>\r\n\r\n<section>\r\n    <h2>Services Offered</h2>\r\n    <article>\r\n        <h3>Personal Training</h3>\r\n        <p>Customized one-on-one sessions aimed at meeting your fitness goals.</p>\r\n    </article>\r\n\r\n    <article>\r\n        <h3>Online Coaching</h3>\r\n        <p>Virtual training programs with live video support.</p>\r\n    </article>\r\n\r\n    <article>\r\n        <h3>Group Fitness Classes</h3>\r\n        <p>High-energy group workouts for motivation and fun.</p>\r\n    </article>\r\n</section>\r\n\r\n<section>\r\n    <h2>Testimonials</h2>\r\n    <article>\r\n        <p>“John’s training transformed my lifestyle and fitness journey!” – Client A</p>\r\n    </article>\r\n</section>\r\n\r\n<section>\r\n    <h2>Training Demo Video</h2>\r\n    <article>\r\n        <video controls>\r\n            <source src=\"training_demo.mp4\" type=\"video/mp4\">\r\n            Your browser does not support video playback.\r\n        </video>\r\n        <p>Watch my training techniques in action.</p>\r\n    </article>\r\n</section>\r\n\r\n<footer>\r\n    <p>Contact Me:</p>\r\n    <p>Email: <a href=\"mailto:johntrainer@example.com\" style=\"color:white;\">johntrainer@example.com</a></p>\r\n    <p>Phone: <a href=\"tel:+919876543210\" style=\"color:white;\">+91 98765 43210</a></p>\r\n    <p>&copy; 2025 John Smith Fitness</p>\r\n</footer>\r\n\r\n</body>\r\n</html>\r\n",
      "css": "",
      "js": ""
    },
    "status": "pending",
    "submittedAt": "2025-12-11T05:44:28.628Z",
    "evaluatedAt": null,
    "result": null
  },
  {
    "id": "9db74ee6-5942-4cff-852a-1524e2288662",
    "challengeId": "course-fullstack-l1-q1",
    "userId": "user-demo-student",
    "candidateName": "user-admin-1",
    "code": {
      "html": "<!DOCTYPE html>\r\n<html lang=\"en\">\r\n<head>\r\n    <meta charset=\"UTF-8\">\r\n    <meta name=\"viewport\" content=\"width=device-width, initial-scale=1.0\">\r\n    <meta name=\"description\" content=\"Personal fitness trainer profile showcasing services, testimonials and media\">\r\n    <title>Fitness Trainer Profile</title>\r\n\r\n    <style>\r\n        body {\r\n            font-family: Arial, sans-serif;\r\n            margin: 0;\r\n            padding: 12px;\r\n            line-height: 1.6;\r\n        }\r\n        header, footer {\r\n            background: #333;\r\n            color: white;\r\n            padding: 16px;\r\n            text-align: center;\r\n        }\r\n        section {\r\n            margin: 25px 0;\r\n        }\r\n        article {\r\n            border: 1px solid #ccc;\r\n            padding: 12px;\r\n            margin-bottom: 15px;\r\n        }\r\n        figure {\r\n            margin: 0;\r\n            text-align: center;\r\n        }\r\n        figcaption {\r\n            font-size: 14px;\r\n            color: #444;\r\n        }\r\n        video {\r\n            width: 100%;\r\n            margin-top: 10px;\r\n        }\r\n    </style>\r\n</head>\r\n<body>\r\n\r\n<header>\r\n    <h1>John Smith - Certified Fitness Trainer</h1>\r\n    <p>Transforming Lives Through Fitness</p>\r\n</header>\r\n\r\n<section>\r\n    <h2>About Me</h2>\r\n    <article>\r\n        <figure>\r\n            <img src=\"trainer.jpg\" alt=\"Profile image of fitness trainer John Smith\" width=\"100%\">\r\n            <figcaption>John Smith - Strength & Wellness Coach</figcaption>\r\n        </figure>\r\n        <p>I am a certified fitness trainer with over 10 years of experience specializing in strength training, weight loss, and athletic conditioning.</p>\r\n    </article>\r\n</section>\r\n\r\n<section>\r\n    <h2>Services Offered</h2>\r\n    <article>\r\n        <h3>Personal Training</h3>\r\n        <p>Customized one-on-one sessions aimed at meeting your fitness goals.</p>\r\n    </article>\r\n\r\n    <article>\r\n        <h3>Online Coaching</h3>\r\n        <p>Virtual training programs with live video support.</p>\r\n    </article>\r\n\r\n    <article>\r\n        <h3>Group Fitness Classes</h3>\r\n        <p>High-energy group workouts for motivation and fun.</p>\r\n    </article>\r\n</section>\r\n\r\n<section>\r\n    <h2>Testimonials</h2>\r\n    <article>\r\n        <p>“John’s training transformed my lifestyle and fitness journey!” – Client A</p>\r\n    </article>\r\n</section>\r\n\r\n<section>\r\n    <h2>Training Demo Video</h2>\r\n    <article>\r\n        <video controls>\r\n            <source src=\"training_demo.mp4\" type=\"video/mp4\">\r\n            Your browser does not support video playback.\r\n        </video>\r\n        <p>Watch my training techniques in action.</p>\r\n    </article>\r\n</section>\r\n\r\n<footer>\r\n    <p>Contact Me:</p>\r\n    <p>Email: <a href=\"mailto:johntrainer@example.com\" style=\"color:white;\">johntrainer@example.com</a></p>\r\n    <p>Phone: <a href=\"tel:+919876543210\" style=\"color:white;\">+91 98765 43210</a></p>\r\n    <p>&copy; 2025 John Smith Fitness</p>\r\n</footer>\r\n\r\n</body>\r\n</html>\r\n",
      "css": "",
      "js": ""
    },
    "status": "pending",
    "submittedAt": "2025-12-11T05:54:07.277Z",
    "evaluatedAt": null,
    "result": null
  },
  {
    "id": "ef766240-4942-4265-bafb-9f550727f023",
    "challengeId": "course-fullstack-l1-q1",
    "userId": "user-demo-student",
    "candidateName": "user-admin-1",
    "code": {
      "html": "<!DOCTYPE html>\r\n<html lang=\"en\">\r\n<head>\r\n    <meta charset=\"UTF-8\">\r\n    <meta name=\"viewport\" content=\"width=device-width, initial-scale=1.0\">\r\n    <meta name=\"description\" content=\"Personal fitness trainer profile showcasing services, testimonials and media\">\r\n    <title>Fitness Trainer Profile</title>\r\n\r\n    <style>\r\n        body {\r\n            font-family: Arial, sans-serif;\r\n            margin: 0;\r\n            padding: 12px;\r\n            line-height: 1.6;\r\n        }\r\n        header, footer {\r\n            background: #333;\r\n            color: white;\r\n            padding: 16px;\r\n            text-align: center;\r\n        }\r\n        section {\r\n            margin: 25px 0;\r\n        }\r\n        article {\r\n            border: 1px solid #ccc;\r\n            padding: 12px;\r\n            margin-bottom: 15px;\r\n        }\r\n        figure {\r\n            margin: 0;\r\n            text-align: center;\r\n        }\r\n        figcaption {\r\n            font-size: 14px;\r\n            color: #444;\r\n        }\r\n        video {\r\n            width: 100%;\r\n            margin-top: 10px;\r\n        }\r\n    </style>\r\n</head>\r\n<body>\r\n\r\n<header>\r\n    <h1>John Smith - Certified Fitness Trainer</h1>\r\n    <p>Transforming Lives Through Fitness</p>\r\n</header>\r\n\r\n<section>\r\n    <h2>About Me</h2>\r\n    <article>\r\n        <figure>\r\n            <img src=\"trainer.jpg\" alt=\"Profile image of fitness trainer John Smith\" width=\"100%\">\r\n            <figcaption>John Smith - Strength & Wellness Coach</figcaption>\r\n        </figure>\r\n        <p>I am a certified fitness trainer with over 10 years of experience specializing in strength training, weight loss, and athletic conditioning.</p>\r\n    </article>\r\n</section>\r\n\r\n<section>\r\n    <h2>Services Offered</h2>\r\n    <article>\r\n        <h3>Personal Training</h3>\r\n        <p>Customized one-on-one sessions aimed at meeting your fitness goals.</p>\r\n    </article>\r\n\r\n    <article>\r\n        <h3>Online Coaching</h3>\r\n        <p>Virtual training programs with live video support.</p>\r\n    </article>\r\n\r\n    <article>\r\n        <h3>Group Fitness Classes</h3>\r\n        <p>High-energy group workouts for motivation and fun.</p>\r\n    </article>\r\n</section>\r\n\r\n<section>\r\n    <h2>Testimonials</h2>\r\n    <article>\r\n        <p>“John’s training transformed my lifestyle and fitness journey!” – Client A</p>\r\n    </article>\r\n</section>\r\n\r\n<section>\r\n    <h2>Training Demo Video</h2>\r\n    <article>\r\n        <video controls>\r\n            <source src=\"training_demo.mp4\" type=\"video/mp4\">\r\n            Your browser does not support video playback.\r\n        </video>\r\n        <p>Watch my training techniques in action.</p>\r\n    </article>\r\n</section>\r\n\r\n<footer>\r\n    <p>Contact Me:</p>\r\n    <p>Email: <a href=\"mailto:johntrainer@example.com\" style=\"color:white;\">johntrainer@example.com</a></p>\r\n    <p>Phone: <a href=\"tel:+919876543210\" style=\"color:white;\">+91 98765 43210</a></p>\r\n    <p>&copy; 2025 John Smith Fitness</p>\r\n</footer>\r\n\r\n</body>\r\n</html>\r\n",
      "css": "",
      "js": ""
    },
    "status": "pending",
    "submittedAt": "2025-12-11T05:56:40.363Z",
    "evaluatedAt": null,
    "result": null
  }
]