[
  {
    "userId": "default-user",
    "courses": [
      {
        "courseId": "course-fullstack",
        "completedLevels": [
          1
        ],
        "currentLevel": 2,
        "totalPoints": 100
      },
      {
        "courseId": "fullstack",
        "completedLevels": [
          1
        ],
        "currentLevel": 2,
        "totalPoints": 100
      }
    ],
    "totalPoints": 100,
    "achievements": []
  },
  {
    "userId": "user-admin-1",
    "courses": [
      {
        "courseId": "course-fullstack",
        "completedLevels": [
          1
        ],
        "currentLevel": 2,
        "totalPoints": 100
      },
      {
        "courseId": "fullstack",
        "completedLevels": [
          1
        ],
        "currentLevel": 2,
        "totalPoints": 100
      }
    ],
    "totalPoints": 100,
    "achievements": []
  }
]