[
  {
    "key": "user-demo-student-course-fullstack-1",
    "userId": "user-demo-student",
    "courseId": "course-fullstack",
    "level": 1,
    "assignedQuestions": [
      "course-fullstack-l1-q26",
      "course-fullstack-l1-q35"
    ],
    "completedQuestions": [],
    "assignedAt": "2025-12-11T08:26:14.876Z",
    "totalAvailable": 50
  },
  {
    "key": "user-demo-student-course-html-css-1",
    "userId": "user-demo-student",
    "courseId": "course-html-css",
    "level": 1,
    "assignedQuestions": [
      "course-html-css-l1-q1",
      "course-html-css-l1-q2"
    ],
    "completedQuestions": [],
    "assignedAt": "2025-12-11T17:12:20.716Z",
    "totalAvailable": 6
  },
  {
    "key": "user-admin-1-course-javascript-1",
    "userId": "user-admin-1",
    "courseId": "course-javascript",
    "level": 1,
    "assignedQuestions": [
      "javascript-l1-q1"
    ],
    "completedQuestions": [],
    "assignedAt": "2025-12-12T09:15:01.636Z",
    "totalAvailable": 1
  },
  {
    "key": "user-admin-1-course-html-css-1",
    "userId": "user-admin-1",
    "courseId": "course-html-css",
    "level": 1,
    "assignedQuestions": [
      "course-html-css-l1-q5",
      "course-html-css-l1-q3"
    ],
    "completedQuestions": [],
    "assignedAt": "2025-12-12T09:16:25.590Z",
    "totalAvailable": 6
  },
  {
    "key": "user-1763624344870-riq16a0rp-course-fullstack-1",
    "userId": "user-1763624344870-riq16a0rp",
    "courseId": "course-fullstack",
    "level": 1,
    "assignedQuestions": [
      "course-fullstack-l1-q36",
      "course-fullstack-l1-q7"
    ],
    "completedQuestions": [],
    "assignedAt": "2025-12-12T09:20:08.737Z",
    "totalAvailable": 50
  },
  {
    "key": "user-admin-1-course-fullstack-1",
    "userId": "user-admin-1",
    "courseId": "course-fullstack",
    "level": 1,
    "assignedQuestions": [
      "course-fullstack-l1-q2",
      "course-fullstack-l1-q13"
    ],
    "completedQuestions": [],
    "assignedAt": "2025-12-12T09:48:50.148Z",
    "totalAvailable": 50
  },
  {
    "key": "user-admin-1-course-fullstack-2",
    "userId": "user-admin-1",
    "courseId": "course-fullstack",
    "level": 2,
    "assignedQuestions": [
      "course-fullstack-l2-q23",
      "course-fullstack-l2-q36"
    ],
    "completedQuestions": [],
    "assignedAt": "2025-12-14T05:46:17.582Z",
    "totalAvailable": 50
  }
]